http://blog.lmm333.com/about/,https://lmmsoft.github.io/about/
http://blog.lmm333.com/cycling-chenghu-lake/,https://lmmsoft.github.io/cycling-chenghu-lake/
http://blog.lmm333.com/cycling-yangcheng-lake/,https://lmmsoft.github.io/cycling-yangcheng-lake/
http://blog.lmm333.com/huqiu-dingyuan/,https://lmmsoft.github.io/huqiu-dingyuan/
http://blog.lmm333.com/my_favourite_tshirt/,https://lmmsoft.github.io/my_favourite_tshirt/
http://blog.lmm333.com/nanping/,https://lmmsoft.github.io/nanping/
http://blog.lmm333.com/review-2013-q1-q2/,https://lmmsoft.github.io/review-2013-q1-q2/
http://blog.lmm333.com/taizhou/,https://lmmsoft.github.io/taizhou/
http://blog.lmm333.com/zhouzhuang/,https://lmmsoft.github.io/zhouzhuang/
http://lmm333.com/%E3%80%90%E5%AD%A6%E4%B9%A0%E7%AC%94%E8%AE%B0%E3%80%91/2013/01/04/item-to-item-collaborative-filtering-%E7%AC%94%E8%AE%B0.html,https://lmmsoft.github.io/%E3%80%90%E5%AD%A6%E4%B9%A0%E7%AC%94%E8%AE%B0%E3%80%91/2013/01/04/item-to-item-collaborative-filtering-%E7%AC%94%E8%AE%B0.html
http://lmm333.com/%E3%80%90%E6%80%9D%E8%80%83%E3%80%91/2012/02/09/%E4%B8%BA%E4%BB%80%E4%B9%88%E8%A6%81%E8%AF%BB%E8%AE%A1%E7%AE%97%E6%9C%BA%E7%9A%84%E7%A0%94%E7%A9%B6%E7%94%9F.html,https://lmmsoft.github.io/%E3%80%90%E6%80%9D%E8%80%83%E3%80%91/2012/02/09/%E4%B8%BA%E4%BB%80%E4%B9%88%E8%A6%81%E8%AF%BB%E8%AE%A1%E7%AE%97%E6%9C%BA%E7%9A%84%E7%A0%94%E7%A9%B6%E7%94%9F.html
http://lmm333.com/%E3%80%90%E6%80%9D%E8%80%83%E3%80%91/2012/11/07/%E4%B8%BA%E4%BB%80%E4%B9%88%E5%86%99%E5%8D%9A%E5%AE%A2.html,https://lmmsoft.github.io/%E3%80%90%E6%80%9D%E8%80%83%E3%80%91/2012/11/07/%E4%B8%BA%E4%BB%80%E4%B9%88%E5%86%99%E5%8D%9A%E5%AE%A2.html
http://lmm333.com/%E3%80%90%E6%80%9D%E8%80%83%E3%80%91/2012/12/06/%E6%8C%96%E5%9D%91-%E8%81%8C%E4%B8%9A%E8%A7%84%E5%88%92.html,https://lmmsoft.github.io/%E3%80%90%E6%80%9D%E8%80%83%E3%80%91/2012/12/06/%E6%8C%96%E5%9D%91-%E8%81%8C%E4%B8%9A%E8%A7%84%E5%88%92.html
http://lmm333.com/%E3%80%90%E6%80%9D%E8%80%83%E3%80%91/2013/01/29/zz-%E7%A8%8B%E5%BA%8F%E5%91%98%E7%A9%B6%E7%AB%9F%E8%AF%A5%E5%A6%82%E4%BD%95%E6%8F%90%E9%AB%98%E6%95%88%E7%8E%87.html,https://lmmsoft.github.io/%E3%80%90%E6%80%9D%E8%80%83%E3%80%91/2013/01/29/zz-%E7%A8%8B%E5%BA%8F%E5%91%98%E7%A9%B6%E7%AB%9F%E8%AF%A5%E5%A6%82%E4%BD%95%E6%8F%90%E9%AB%98%E6%95%88%E7%8E%87.html
http://lmm333.com/%E3%80%90%E6%88%91%E7%9A%84%E7%94%9F%E6%B4%BB%E3%80%91/2012/11/07/%E8%BD%AC%E7%9C%BC%E9%97%B4%E5%BC%80%E5%8D%9A%E5%AE%A2%E4%B8%80%E5%B9%B4%E4%BA%86.html,https://lmmsoft.github.io/%E3%80%90%E6%88%91%E7%9A%84%E7%94%9F%E6%B4%BB%E3%80%91/2012/11/07/%E8%BD%AC%E7%9C%BC%E9%97%B4%E5%BC%80%E5%8D%9A%E5%AE%A2%E4%B8%80%E5%B9%B4%E4%BA%86.html
http://lmm333.com/%E3%80%90%E6%88%91%E7%9A%84%E7%94%9F%E6%B4%BB%E3%80%91/2013/03/22/%E5%BC%80%E5%A7%8B%E8%A1%8C%E5%8A%A8.html,https://lmmsoft.github.io/%E3%80%90%E6%88%91%E7%9A%84%E7%94%9F%E6%B4%BB%E3%80%91/2013/03/22/%E5%BC%80%E5%A7%8B%E8%A1%8C%E5%8A%A8.html
http://lmm333.com/%E3%80%90%E6%88%91%E7%9A%84%E8%87%AA%E7%94%B1%E8%BD%AF%E4%BB%B6%E3%80%91/2012/03/04/%E5%8D%97%E7%90%86%E5%B7%A5%E5%9B%BE%E4%B9%A6%E9%A6%86%E8%B1%86%E7%93%A3%E6%8F%92%E4%BB%B6%E5%8F%91%E5%B8%83%E4%BA%86.html,https://lmmsoft.github.io/%E3%80%90%E6%88%91%E7%9A%84%E8%87%AA%E7%94%B1%E8%BD%AF%E4%BB%B6%E3%80%91/2012/03/04/%E5%8D%97%E7%90%86%E5%B7%A5%E5%9B%BE%E4%B9%A6%E9%A6%86%E8%B1%86%E7%93%A3%E6%8F%92%E4%BB%B6%E5%8F%91%E5%B8%83%E4%BA%86.html
http://lmm333.com/%E3%80%90%E6%8C%A8%E8%B8%A2%E7%94%9F%E6%B6%AF%E3%80%91/2012/01/23/python-%E4%BB%A3%E7%A0%81%E9%A3%8E%E6%A0%BCpep8.html,https://lmmsoft.github.io/%E3%80%90%E6%8C%A8%E8%B8%A2%E7%94%9F%E6%B6%AF%E3%80%91/2012/01/23/python-%E4%BB%A3%E7%A0%81%E9%A3%8E%E6%A0%BCpep8.html
http://lmm333.com/%E3%80%90%E6%8C%A8%E8%B8%A2%E7%94%9F%E6%B6%AF%E3%80%91/2012/01/25/cf97div2-d%E8%AE%A1%E7%AE%97%E5%87%A0%E4%BD%95-%E6%9A%B4%E5%8A%9B.html,https://lmmsoft.github.io/%E3%80%90%E6%8C%A8%E8%B8%A2%E7%94%9F%E6%B6%AF%E3%80%91/2012/01/25/cf97div2-d%E8%AE%A1%E7%AE%97%E5%87%A0%E4%BD%95-%E6%9A%B4%E5%8A%9B.html
http://lmm333.com/%E3%80%90%E6%8C%A8%E8%B8%A2%E7%94%9F%E6%B6%AF%E3%80%91/2012/01/26/cf104-div2-a-%E5%87%A0%E4%B8%AA%E6%BC%82%E4%BA%AE%E7%9A%84%E4%BB%A3%E7%A0%81.html,https://lmmsoft.github.io/%E3%80%90%E6%8C%A8%E8%B8%A2%E7%94%9F%E6%B6%AF%E3%80%91/2012/01/26/cf104-div2-a-%E5%87%A0%E4%B8%AA%E6%BC%82%E4%BA%AE%E7%9A%84%E4%BB%A3%E7%A0%81.html
http://lmm333.com/%E3%80%90%E6%8C%A8%E8%B8%A2%E7%94%9F%E6%B6%AF%E3%80%91/2012/02/03/cf105-div%E8%A7%A3%E9%A2%98%E6%8A%A5%E5%91%8A.html,https://lmmsoft.github.io/%E3%80%90%E6%8C%A8%E8%B8%A2%E7%94%9F%E6%B6%AF%E3%80%91/2012/02/03/cf105-div%E8%A7%A3%E9%A2%98%E6%8A%A5%E5%91%8A.html
http://lmm333.com/%E3%80%90%E6%8C%A8%E8%B8%A2%E7%94%9F%E6%B6%AF%E3%80%91/2012/12/11/%E6%95%B0%E6%8D%AE%E5%B7%A5%E7%A8%8B%E5%B8%88%E9%9D%A2%E7%BB%8F.html,https://lmmsoft.github.io/%E3%80%90%E6%8C%A8%E8%B8%A2%E7%94%9F%E6%B6%AF%E3%80%91/2012/12/11/%E6%95%B0%E6%8D%AE%E5%B7%A5%E7%A8%8B%E5%B8%88%E9%9D%A2%E7%BB%8F.html
http://lmm333.com/%E3%80%90%E6%B8%B8%E8%AE%B0%E3%80%91/2012/03/25/%E5%8D%97%E4%BA%AC%E8%A5%BF%E7%AB%99%E5%91%8A%E5%88%AB%E4%B9%8B%E6%97%85.html,https://lmmsoft.github.io/%E3%80%90%E6%B8%B8%E8%AE%B0%E3%80%91/2012/03/25/%E5%8D%97%E4%BA%AC%E8%A5%BF%E7%AB%99%E5%91%8A%E5%88%AB%E4%B9%8B%E6%97%85.html
http://lmm333.com/%E3%80%90%E6%B8%B8%E8%AE%B0%E3%80%91/2012/09/29/%E5%8F%8C%E4%BA%BA%E6%B5%B7%E5%8D%97%E8%A1%8C-%E7%AD%B9%E5%A4%87%E7%AF%87.html,https://lmmsoft.github.io/%E3%80%90%E6%B8%B8%E8%AE%B0%E3%80%91/2012/09/29/%E5%8F%8C%E4%BA%BA%E6%B5%B7%E5%8D%97%E8%A1%8C-%E7%AD%B9%E5%A4%87%E7%AF%87.html
http://lmm333.com/%E4%BF%AE%E7%94%B5%E8%84%91/2011/11/04/hello-world.html,https://lmmsoft.github.io/%E4%BF%AE%E7%94%B5%E8%84%91/2011/11/04/hello-world.html
http://lmm333.com/%E4%BF%AE%E7%94%B5%E8%84%91/2012/01/17/netbeans-7-1-%E5%AE%89%E8%A3%85-python.html,https://lmmsoft.github.io/%E4%BF%AE%E7%94%B5%E8%84%91/2012/01/17/netbeans-7-1-%E5%AE%89%E8%A3%85-python.html
http://lmm333.com/%E4%BF%AE%E7%94%B5%E8%84%91/2012/02/08/pandoc-%E6%96%87%E6%A1%A3%E6%A0%BC%E5%BC%8F%E8%BD%AC%E6%8D%A2%E5%88%A9%E5%99%A8.html,https://lmmsoft.github.io/%E4%BF%AE%E7%94%B5%E8%84%91/2012/02/08/pandoc-%E6%96%87%E6%A1%A3%E6%A0%BC%E5%BC%8F%E8%BD%AC%E6%8D%A2%E5%88%A9%E5%99%A8.html
http://lmm333.com/%E4%BF%AE%E7%94%B5%E8%84%91/2012/03/20/%E6%9E%81%E5%AE%A2%E4%BB%AC%E8%BF%99%E4%B9%88%E7%94%A8%E7%94%B5%E8%84%91.html,https://lmmsoft.github.io/%E4%BF%AE%E7%94%B5%E8%84%91/2012/03/20/%E6%9E%81%E5%AE%A2%E4%BB%AC%E8%BF%99%E4%B9%88%E7%94%A8%E7%94%B5%E8%84%91.html
http://lmm333.com/%E4%BF%AE%E7%94%B5%E8%84%91/2013/11/28/chrome-usb%E8%80%B3%E6%9C%BA%E6%B2%A1%E6%9C%89%E5%A3%B0%E9%9F%B3.html,https://lmmsoft.github.io/%E4%BF%AE%E7%94%B5%E8%84%91/2013/11/28/chrome-usb%E8%80%B3%E6%9C%BA%E6%B2%A1%E6%9C%89%E5%A3%B0%E9%9F%B3.html
http://lmm333.com/%E4%BF%AE%E7%94%B5%E8%84%91/2015/01/10/mac%E9%80%9A%E8%BF%87smb%E8%AE%BF%E9%97%AEwindows%E6%96%87%E4%BB%B6%E5%A4%B9-%E5%AF%86%E7%A0%81%E6%AD%A3%E7%A1%AE-%E6%97%A0%E6%B3%95%E7%99%BB%E9%99%86.html,https://lmmsoft.github.io/%E4%BF%AE%E7%94%B5%E8%84%91/2015/01/10/mac%E9%80%9A%E8%BF%87smb%E8%AE%BF%E9%97%AEwindows%E6%96%87%E4%BB%B6%E5%A4%B9-%E5%AF%86%E7%A0%81%E6%AD%A3%E7%A1%AE-%E6%97%A0%E6%B3%95%E7%99%BB%E9%99%86.html
http://lmm333.com/%E4%BF%AE%E7%94%B5%E8%84%91/2016/06/30/wordpress-404-redirct-cache-plugin.html,https://lmmsoft.github.io/%E4%BF%AE%E7%94%B5%E8%84%91/2016/06/30/wordpress-404-redirct-cache-plugin.html
http://lmm333.com/%E5%85%AC%E5%BC%80%E8%AF%BE%E7%A8%8B/2011/02/05/%E7%9C%8B%E8%A7%86%E9%A2%91%E7%AC%94%E8%AE%B001-%E7%BC%96%E7%A8%8B%E6%96%B9%E6%B3%95-%E7%AC%AC%E4%B8%80%E8%AF%BE-by-YYeTs%E4%BA%BA%E4%BA%BA%E5%BD%B1%E8%A7%86.html,https://lmmsoft.github.io/%E5%85%AC%E5%BC%80%E8%AF%BE%E7%A8%8B/2011/02/05/%E7%9C%8B%E8%A7%86%E9%A2%91%E7%AC%94%E8%AE%B001-%E7%BC%96%E7%A8%8B%E6%96%B9%E6%B3%95-%E7%AC%AC%E4%B8%80%E8%AF%BE-by-YYeTs%E4%BA%BA%E4%BA%BA%E5%BD%B1%E8%A7%86.html
http://lmm333.com/%E5%AD%A6%E4%B9%A0%E7%AC%94%E8%AE%B0-notes/2012/10/07/http%E5%8D%8F%E8%AE%AE%E5%AD%A6%E4%B9%A0.html,https://lmmsoft.github.io/%E5%AD%A6%E4%B9%A0%E7%AC%94%E8%AE%B0-notes/2012/10/07/https%E5%8D%8F%E8%AE%AE%E5%AD%A6%E4%B9%A0.html
http://lmm333.com/%E5%AD%A6%E4%B9%A0%E7%AC%94%E8%AE%B0-notes/2012/10/24/%E5%AF%B9%E8%AF%9D%E5%9B%BE%E7%81%B5%E5%A5%96%E8%8E%B7%E5%BE%97%E8%80%85johnhopcroft.html,https://lmmsoft.github.io/%E5%AD%A6%E4%B9%A0%E7%AC%94%E8%AE%B0-notes/2012/10/24/%E5%AF%B9%E8%AF%9D%E5%9B%BE%E7%81%B5%E5%A5%96%E8%8E%B7%E5%BE%97%E8%80%85johnhopcroft.html
http://lmm333.com/%E5%AD%A6%E4%B9%A0%E7%AC%94%E8%AE%B0-notes/2013/01/04/item-to-item-collaborative-filtering-%E7%AC%94%E8%AE%B0.html,https://lmmsoft.github.io/%E5%AD%A6%E4%B9%A0%E7%AC%94%E8%AE%B0-notes/2013/01/04/item-to-item-collaborative-filtering-%E7%AC%94%E8%AE%B0.html
http://lmm333.com/%E6%88%91%E7%9A%84%E5%BD%B1%E8%AF%84/2008/08/21/%E6%88%91%E7%9C%8B%E7%94%B5%E5%BD%B1Castle-In-The-Sky-%E5%A4%A9%E7%A9%BA%E4%B9%8B%E5%9F%8E-%E5%90%8E%E7%9A%84%E6%84%9F%E6%83%B3.html,https://lmmsoft.github.io/%E6%88%91%E7%9A%84%E5%BD%B1%E8%AF%84/2008/08/21/%E6%88%91%E7%9C%8B%E7%94%B5%E5%BD%B1Castle-In-The-Sky-%E5%A4%A9%E7%A9%BA%E4%B9%8B%E5%9F%8E-%E5%90%8E%E7%9A%84%E6%84%9F%E6%83%B3.html
http://lmm333.com/%E6%88%91%E7%9A%84%E5%BD%B1%E8%AF%84/2008/08/25/%E6%98%A8%E5%A4%A9%E7%9C%8B%E4%BA%86%E7%94%B5%E5%BD%B1-%E8%8E%AB%E6%96%AF%E7%A7%91%E4%B8%8D%E7%9B%B8%E4%BF%A1%E7%9C%BC%E6%B3%AA.html,https://lmmsoft.github.io/%E6%88%91%E7%9A%84%E5%BD%B1%E8%AF%84/2008/08/25/%E6%98%A8%E5%A4%A9%E7%9C%8B%E4%BA%86%E7%94%B5%E5%BD%B1-%E8%8E%AB%E6%96%AF%E7%A7%91%E4%B8%8D%E7%9B%B8%E4%BF%A1%E7%9C%BC%E6%B3%AA.html
http://lmm333.com/%E6%88%91%E7%9A%84%E5%BD%B1%E8%AF%84/2009/07/26/%E7%9C%8B%E4%BA%86%E9%9F%A9%E5%9B%BD%E7%94%B5%E5%BD%B1-%E7%BA%A2%E5%AD%97.html,https://lmmsoft.github.io/%E6%88%91%E7%9A%84%E5%BD%B1%E8%AF%84/2009/07/26/%E7%9C%8B%E4%BA%86%E9%9F%A9%E5%9B%BD%E7%94%B5%E5%BD%B1-%E7%BA%A2%E5%AD%97.html
http://lmm333.com/%E6%88%91%E7%9A%84%E6%80%9D%E8%80%83/2008/06/19/%E5%A4%A7%E4%B8%80%E9%82%A3%E5%B9%B4-%E5%A4%A7%E5%9B%9B%E9%82%A3%E5%B9%B4-%E6%88%91%E4%BB%AC%E5%8F%98%E4%BA%86%E5%A4%9A%E5%B0%91-%E8%BD%AC+%E6%84%9F%E6%83%B3.html,https://lmmsoft.github.io/%E6%88%91%E7%9A%84%E6%80%9D%E8%80%83/2008/06/19/%E5%A4%A7%E4%B8%80%E9%82%A3%E5%B9%B4-%E5%A4%A7%E5%9B%9B%E9%82%A3%E5%B9%B4-%E6%88%91%E4%BB%AC%E5%8F%98%E4%BA%86%E5%A4%9A%E5%B0%91-%E8%BD%AC+%E6%84%9F%E6%83%B3.html
http://lmm333.com/%E6%88%91%E7%9A%84%E6%80%9D%E8%80%83/2009/01/01/%E5%91%8A%E5%88%AB08-%E5%B1%95%E6%9C%9B%E4%B8%AD.html,https://lmmsoft.github.io/%E6%88%91%E7%9A%84%E6%80%9D%E8%80%83/2009/01/01/%E5%91%8A%E5%88%AB08-%E5%B1%95%E6%9C%9B%E4%B8%AD.html
http://lmm333.com/%E6%88%91%E7%9A%84%E6%80%9D%E8%80%83/2009/06/14/%E6%9D%8E%E5%BC%80%E5%A4%8D%E7%BB%99%E5%A5%B3%E7%94%9F%E7%9A%84%E5%BB%BA%E8%AE%AE.html,https://lmmsoft.github.io/%E6%88%91%E7%9A%84%E6%80%9D%E8%80%83/2009/06/14/%E6%9D%8E%E5%BC%80%E5%A4%8D%E7%BB%99%E5%A5%B3%E7%94%9F%E7%9A%84%E5%BB%BA%E8%AE%AE.html
http://lmm333.com/%E6%88%91%E7%9A%84%E6%80%9D%E8%80%83/2009/06/16/%E6%88%91%E5%AF%B9%E5%8D%97%E7%90%86%E5%B7%A5%E6%A0%A1%E5%9B%AD%E7%9A%84%E5%A4%B1%E6%9C%9B%E4%B9%8B%E6%83%85.html,https://lmmsoft.github.io/%E6%88%91%E7%9A%84%E6%80%9D%E8%80%83/2009/06/16/%E6%88%91%E5%AF%B9%E5%8D%97%E7%90%86%E5%B7%A5%E6%A0%A1%E5%9B%AD%E7%9A%84%E5%A4%B1%E6%9C%9B%E4%B9%8B%E6%83%85.html
http://lmm333.com/%E6%88%91%E7%9A%84%E6%80%9D%E8%80%83/2010/01/31/%E4%B8%8B%E4%B8%80%E9%98%B6%E6%AE%B5SNS%E4%BD%BF%E7%94%A8%E8%AE%A1%E5%88%92.html,https://lmmsoft.github.io/%E6%88%91%E7%9A%84%E6%80%9D%E8%80%83/2010/01/31/%E4%B8%8B%E4%B8%80%E9%98%B6%E6%AE%B5SNS%E4%BD%BF%E7%94%A8%E8%AE%A1%E5%88%92.html
http://lmm333.com/%E6%88%91%E7%9A%84%E6%B8%B8%E8%AE%B0/2008/08/12/%E8%8D%89%E7%A8%BF-%E6%88%91%E5%9C%A8%E5%8C%97%E4%BA%AC%E7%9A%84%E7%AC%AC%E4%B8%80%E5%A4%A9%E8%A7%81%E9%97%BB.html,https://lmmsoft.github.io/%E6%88%91%E7%9A%84%E6%B8%B8%E8%AE%B0/2008/08/12/%E8%8D%89%E7%A8%BF-%E6%88%91%E5%9C%A8%E5%8C%97%E4%BA%AC%E7%9A%84%E7%AC%AC%E4%B8%80%E5%A4%A9%E8%A7%81%E9%97%BB.html
http://lmm333.com/%E6%88%91%E7%9A%84%E6%B8%B8%E8%AE%B0/2008/08/12/%E8%8D%89%E7%A8%BF-%E6%97%B6%E9%97%B4%E4%B8%8D%E6%97%A9%E4%BA%86-%E4%BB%8A%E6%99%9A%E6%97%A9%E7%82%B9%E7%9D%A1-%E6%98%8E%E5%A4%A9%E8%BF%98%E8%A6%81%E4%B8%80%E5%A4%A7%E6%97%A9%E5%8E%BB%E6%95%85%E5%AE%AB%E5%91%A2.html,https://lmmsoft.github.io/%E6%88%91%E7%9A%84%E6%B8%B8%E8%AE%B0/2008/08/12/%E8%8D%89%E7%A8%BF-%E6%97%B6%E9%97%B4%E4%B8%8D%E6%97%A9%E4%BA%86-%E4%BB%8A%E6%99%9A%E6%97%A9%E7%82%B9%E7%9D%A1-%E6%98%8E%E5%A4%A9%E8%BF%98%E8%A6%81%E4%B8%80%E5%A4%A7%E6%97%A9%E5%8E%BB%E6%95%85%E5%AE%AB%E5%91%A2.html
http://lmm333.com/%E6%88%91%E7%9A%84%E6%B8%B8%E8%AE%B0/2008/08/15/%E5%B7%B2%E6%98%AF%E7%AC%AC%E4%BA%94%E5%A4%A9%E5%87%8C%E6%99%A8.html,https://lmmsoft.github.io/%E6%88%91%E7%9A%84%E6%B8%B8%E8%AE%B0/2008/08/15/%E5%B7%B2%E6%98%AF%E7%AC%AC%E4%BA%94%E5%A4%A9%E5%87%8C%E6%99%A8.html
http://lmm333.com/%E6%88%91%E7%9A%84%E6%B8%B8%E8%AE%B0/2008/08/16/%E5%88%B0%E7%AC%AC%E5%85%AD%E5%A4%A9%E5%87%8C%E6%99%A8%E4%BA%86.html,https://lmmsoft.github.io/%E6%88%91%E7%9A%84%E6%B8%B8%E8%AE%B0/2008/08/16/%E5%88%B0%E7%AC%AC%E5%85%AD%E5%A4%A9%E5%87%8C%E6%99%A8%E4%BA%86.html
http://lmm333.com/%E6%88%91%E7%9A%84%E6%B8%B8%E8%AE%B0/2008/08/16/%E8%BF%94%E5%9B%9E.html,https://lmmsoft.github.io/%E6%88%91%E7%9A%84%E6%B8%B8%E8%AE%B0/2008/08/16/%E8%BF%94%E5%9B%9E.html
http://lmm333.com/%E6%88%91%E7%9A%84%E6%B8%B8%E8%AE%B0/2008/08/22/%E6%8E%A8%E8%8D%90-%E6%88%91%E5%9C%A8%E5%8C%97%E4%BA%AC%E7%9A%84%E7%AC%AC%E5%9B%9B%E5%A4%A9-%E6%96%87%E5%8C%96%E4%B9%8B%E6%97%85-%E7%9A%84%E6%B8%B8%E8%AE%B0.html,https://lmmsoft.github.io/%E6%88%91%E7%9A%84%E6%B8%B8%E8%AE%B0/2008/08/22/%E6%8E%A8%E8%8D%90-%E6%88%91%E5%9C%A8%E5%8C%97%E4%BA%AC%E7%9A%84%E7%AC%AC%E5%9B%9B%E5%A4%A9-%E6%96%87%E5%8C%96%E4%B9%8B%E6%97%85-%E7%9A%84%E6%B8%B8%E8%AE%B0.html
http://lmm333.com/%E6%88%91%E7%9A%84%E6%B8%B8%E8%AE%B0/2009/08/24/%E6%88%91%E5%9C%A8%E8%A5%BF%E5%AE%89%E7%9A%84%E6%B5%81%E7%A8%8B.html,https://lmmsoft.github.io/%E6%88%91%E7%9A%84%E6%B8%B8%E8%AE%B0/2009/08/24/%E6%88%91%E5%9C%A8%E8%A5%BF%E5%AE%89%E7%9A%84%E6%B5%81%E7%A8%8B.html
http://lmm333.com/%E6%88%91%E7%9A%84%E6%B8%B8%E8%AE%B0/2009/10/06/%E5%BE%BD%E5%B7%9E%E6%B8%B8%E8%AE%B0%E4%B9%8B-%E5%8D%97%E5%B1%8F.html,https://lmmsoft.github.io/%E6%88%91%E7%9A%84%E6%B8%B8%E8%AE%B0/2009/10/06/%E5%BE%BD%E5%B7%9E%E6%B8%B8%E8%AE%B0%E4%B9%8B-%E5%8D%97%E5%B1%8F.html
http://lmm333.com/%E6%88%91%E7%9A%84%E7%94%9F%E6%B4%BB/2007/03/16/%E6%88%91%E6%88%90%E5%B9%B4%E5%92%AF.html,https://lmmsoft.github.io/%E6%88%91%E7%9A%84%E7%94%9F%E6%B4%BB/2007/03/16/%E6%88%91%E6%88%90%E5%B9%B4%E5%92%AF.html
http://lmm333.com/%E6%88%91%E7%9A%84%E7%BB%83%E7%AC%94/2006/11/17/%E8%AF%BB%E4%B9%A6%E7%9A%84%E6%84%9F%E5%8F%97.html,https://lmmsoft.github.io/%E6%88%91%E7%9A%84%E7%BB%83%E7%AC%94/2006/11/17/%E8%AF%BB%E4%B9%A6%E7%9A%84%E6%84%9F%E5%8F%97.html
http://lmm333.com/%E6%88%91%E7%9A%84%E7%BB%83%E7%AC%94/2007/10/13/%E6%80%80%E6%83%B3%E5%A4%A9%E7%A9%BA-%E6%88%91%E5%86%9908%E6%B1%9F%E8%8B%8F%E9%AB%98%E8%80%83%E4%BD%9C%E6%96%87.html,https://lmmsoft.github.io/%E6%88%91%E7%9A%84%E7%BB%83%E7%AC%94/2007/10/13/%E6%80%80%E6%83%B3%E5%A4%A9%E7%A9%BA-%E6%88%91%E5%86%9908%E6%B1%9F%E8%8B%8F%E9%AB%98%E8%80%83%E4%BD%9C%E6%96%87.html
http://lmm333.com/%E6%88%91%E7%9A%84%E7%BB%83%E7%AC%94/2007/11/09/%E4%B8%80%E5%8F%AA-%E4%B9%8C%E9%B8%A6-(%E9%AB%98%E8%80%83%E4%BD%9C%E6%96%87%E6%A8%A1%E6%8B%9F).html,https://lmmsoft.github.io/%E6%88%91%E7%9A%84%E7%BB%83%E7%AC%94/2007/11/09/%E4%B8%80%E5%8F%AA-%E4%B9%8C%E9%B8%A6-(%E9%AB%98%E8%80%83%E4%BD%9C%E6%96%87%E6%A8%A1%E6%8B%9F).html
http://lmm333.com/%E6%88%91%E7%9A%84%E7%BB%83%E7%AC%94/2007/11/21/08%E5%B1%8A%E5%8D%97%E4%BA%AC%E6%91%B8%E5%BA%95%E4%BD%9C%E6%96%87%E9%A2%98.html,https://lmmsoft.github.io/%E6%88%91%E7%9A%84%E7%BB%83%E7%AC%94/2007/11/21/08%E5%B1%8A%E5%8D%97%E4%BA%AC%E6%91%B8%E5%BA%95%E4%BD%9C%E6%96%87%E9%A2%98.html
http://lmm333.com/%E6%88%91%E7%9A%84%E7%BB%83%E7%AC%94/2008/05/16/%E9%80%82%E5%8F%AF%E8%80%8C%E6%AD%A2-%E4%B9%8B%E6%88%91%E8%A7%81.html,https://lmmsoft.github.io/%E6%88%91%E7%9A%84%E7%BB%83%E7%AC%94/2008/05/16/%E9%80%82%E5%8F%AF%E8%80%8C%E6%AD%A2-%E4%B9%8B%E6%88%91%E8%A7%81.html
http://lmm333.com/%E6%88%91%E7%9A%84%E7%BB%83%E7%AC%94/2008/05/27/%E9%93%AD%E8%AE%B0%E4%B8%8E%E5%89%8D%E8%A1%8C.html,https://lmmsoft.github.io/%E6%88%91%E7%9A%84%E7%BB%83%E7%AC%94/2008/05/27/%E9%93%AD%E8%AE%B0%E4%B8%8E%E5%89%8D%E8%A1%8C.html
http://lmm333.com/%E6%88%91%E7%9A%84%E7%BB%83%E7%AC%94/2008/09/02/%E4%BB%8A%E5%A4%A9%E6%9C%89%E7%A9%BA-%E5%8F%91%E4%B8%80%E9%A6%96%E8%AF%97-%E6%98%AF%E6%88%91%E4%BB%8A%E5%B9%B4%E6%98%A5%E5%A4%A9-%E9%80%A0-%E5%87%BA%E6%9D%A5%E7%9A%84.html,https://lmmsoft.github.io/%E6%88%91%E7%9A%84%E7%BB%83%E7%AC%94/2008/09/02/%E4%BB%8A%E5%A4%A9%E6%9C%89%E7%A9%BA-%E5%8F%91%E4%B8%80%E9%A6%96%E8%AF%97-%E6%98%AF%E6%88%91%E4%BB%8A%E5%B9%B4%E6%98%A5%E5%A4%A9-%E9%80%A0-%E5%87%BA%E6%9D%A5%E7%9A%84.html
http://lmm333.com/%E6%88%91%E7%9A%84%E7%BB%83%E7%AC%94/2009/01/25/%E6%96%B0%E5%B9%B4%E8%87%B4%E8%BE%9E.html,https://lmmsoft.github.io/%E6%88%91%E7%9A%84%E7%BB%83%E7%AC%94/2009/01/25/%E6%96%B0%E5%B9%B4%E8%87%B4%E8%BE%9E.html
http://lmm333.com/%E6%9C%89%E8%B6%A3+%E5%A5%BD%E7%8E%A9(%E5%8D%9A%E4%B8%BB%E6%8E%A8%E8%8D%90)/2008/08/21/%E4%BA%94%E4%B8%87%E4%BA%BA%E9%BD%90%E5%96%8A-%E8%B0%A2%E4%BA%9A%E9%BE%99%E4%B8%8B%E8%AF%BE-%E7%9A%84%E5%A3%AE%E8%A7%82%E5%9C%BA%E9%9D%A2.html,https://lmmsoft.github.io/%E6%9C%89%E8%B6%A3+%E5%A5%BD%E7%8E%A9(%E5%8D%9A%E4%B8%BB%E6%8E%A8%E8%8D%90)/2008/08/21/%E4%BA%94%E4%B8%87%E4%BA%BA%E9%BD%90%E5%96%8A-%E8%B0%A2%E4%BA%9A%E9%BE%99%E4%B8%8B%E8%AF%BE-%E7%9A%84%E5%A3%AE%E8%A7%82%E5%9C%BA%E9%9D%A2.html
http://lmm333.com/%E6%9C%89%E8%B6%A3+%E5%A5%BD%E7%8E%A9(%E5%8D%9A%E4%B8%BB%E6%8E%A8%E8%8D%90)/2009/01/23/%E6%88%91%E7%9A%84myheritage%E4%BA%BA%E8%84%B8%E9%85%8D%E5%AF%B9%E7%BB%93%E6%9E%9C.html,https://lmmsoft.github.io/%E6%9C%89%E8%B6%A3+%E5%A5%BD%E7%8E%A9(%E5%8D%9A%E4%B8%BB%E6%8E%A8%E8%8D%90)/2009/01/23/%E6%88%91%E7%9A%84myheritage%E4%BA%BA%E8%84%B8%E9%85%8D%E5%AF%B9%E7%BB%93%E6%9E%9C.html
http://lmm333.com/%E6%9C%89%E8%B6%A3+%E5%A5%BD%E7%8E%A9(%E5%8D%9A%E4%B8%BB%E6%8E%A8%E8%8D%90)/2009/06/11/%E4%B8%83%E6%9C%88%E5%A4%A9%E6%B1%89%E6%B8%85%E5%A6%82%E7%BB%83-%E5%85%B0%E5%A4%9C%E7%A7%81%E8%AF%AD%E7%A5%AD%E5%A9%B5%E5%A8%9F-%E6%B1%89%E6%B0%91%E6%97%8F%E4%BC%A0%E7%BB%9F%E4%B8%83%E5%A4%95%E8%8A%82%E5%A4%8D%E5%85%B4%E6%96%B9.html,https://lmmsoft.github.io/%E6%9C%89%E8%B6%A3+%E5%A5%BD%E7%8E%A9(%E5%8D%9A%E4%B8%BB%E6%8E%A8%E8%8D%90)/2009/06/11/%E4%B8%83%E6%9C%88%E5%A4%A9%E6%B1%89%E6%B8%85%E5%A6%82%E7%BB%83-%E5%85%B0%E5%A4%9C%E7%A7%81%E8%AF%AD%E7%A5%AD%E5%A9%B5%E5%A8%9F-%E6%B1%89%E6%B0%91%E6%97%8F%E4%BC%A0%E7%BB%9F%E4%B8%83%E5%A4%95%E8%8A%82%E5%A4%8D%E5%85%B4%E6%96%B9.html
http://lmm333.com/%E6%9C%89%E8%B6%A3+%E5%A5%BD%E7%8E%A9(%E5%8D%9A%E4%B8%BB%E6%8E%A8%E8%8D%90)/2009/06/12/%E6%88%91%E7%9A%84%E7%A0%94%E7%A9%B6%E6%80%A7%E5%AD%A6%E4%B9%A0-%E8%87%AA%E9%80%89%E6%B2%99%E6%8B%89%E5%A0%86%E7%A0%8C%E6%8A%80%E5%B7%A7%E7%9A%84%E7%A0%94%E7%A9%B6(%E4%BA%8C).html,https://lmmsoft.github.io/%E6%9C%89%E8%B6%A3+%E5%A5%BD%E7%8E%A9(%E5%8D%9A%E4%B8%BB%E6%8E%A8%E8%8D%90)/2009/06/12/%E6%88%91%E7%9A%84%E7%A0%94%E7%A9%B6%E6%80%A7%E5%AD%A6%E4%B9%A0-%E8%87%AA%E9%80%89%E6%B2%99%E6%8B%89%E5%A0%86%E7%A0%8C%E6%8A%80%E5%B7%A7%E7%9A%84%E7%A0%94%E7%A9%B6(%E4%BA%8C).html
http://lmm333.com/%E6%9C%89%E8%B6%A3+%E5%A5%BD%E7%8E%A9(%E5%8D%9A%E4%B8%BB%E6%8E%A8%E8%8D%90)/2009/06/12/%E6%88%91%E7%9A%84%E7%A0%94%E7%A9%B6%E6%80%A7%E5%AD%A6%E4%B9%A0-%E8%87%AA%E9%80%89%E6%B2%99%E6%8B%89%E5%A0%86%E7%A0%8C%E6%8A%80%E5%B7%A7%E7%9A%84%E7%A0%94%E7%A9%B6.html,https://lmmsoft.github.io/%E6%9C%89%E8%B6%A3+%E5%A5%BD%E7%8E%A9(%E5%8D%9A%E4%B8%BB%E6%8E%A8%E8%8D%90)/2009/06/12/%E6%88%91%E7%9A%84%E7%A0%94%E7%A9%B6%E6%80%A7%E5%AD%A6%E4%B9%A0-%E8%87%AA%E9%80%89%E6%B2%99%E6%8B%89%E5%A0%86%E7%A0%8C%E6%8A%80%E5%B7%A7%E7%9A%84%E7%A0%94%E7%A9%B6.html
http://lmm333.com/%E6%9C%89%E8%B6%A3+%E5%A5%BD%E7%8E%A9(%E5%8D%9A%E4%B8%BB%E6%8E%A8%E8%8D%90)/2009/06/13/%E8%BD%AC%E8%BD%BD-80%E5%90%8E%E7%9C%8B%E4%BA%86%E4%BC%9A%E5%93%AD%E7%9A%84%E7%BB%84%E5%9B%BE%E9%BD%90(80-89).....html,https://lmmsoft.github.io/%E6%9C%89%E8%B6%A3+%E5%A5%BD%E7%8E%A9(%E5%8D%9A%E4%B8%BB%E6%8E%A8%E8%8D%90)/2009/06/13/%E8%BD%AC%E8%BD%BD-80%E5%90%8E%E7%9C%8B%E4%BA%86%E4%BC%9A%E5%93%AD%E7%9A%84%E7%BB%84%E5%9B%BE%E9%BD%90(80-89).....html
http://lmm333.com/%E6%9C%89%E8%B6%A3+%E5%A5%BD%E7%8E%A9(%E5%8D%9A%E4%B8%BB%E6%8E%A8%E8%8D%90)/2009/07/14/%E7%9C%8B%E7%9C%8B%E4%BD%A0%E7%9A%84%E5%90%8D%E5%AD%97%E5%8F%A4%E4%BB%A3%E5%AD%97%E4%BD%93%E6%80%8E%E4%B9%88%E5%86%99.html,https://lmmsoft.github.io/%E6%9C%89%E8%B6%A3+%E5%A5%BD%E7%8E%A9(%E5%8D%9A%E4%B8%BB%E6%8E%A8%E8%8D%90)/2009/07/14/%E7%9C%8B%E7%9C%8B%E4%BD%A0%E7%9A%84%E5%90%8D%E5%AD%97%E5%8F%A4%E4%BB%A3%E5%AD%97%E4%BD%93%E6%80%8E%E4%B9%88%E5%86%99.html
http://lmm333.com/%E8%AE%A1%E5%88%92%20%E8%A7%84%E5%88%92/2011/01/01/%E5%8A%AA%E5%8A%9B%E5%86%B3%E5%AE%9A%E4%B8%8B%E9%99%90-%E5%A4%A9%E8%B5%8B%E6%88%90%E5%B0%B1%E4%B8%8A%E9%99%90.html,https://lmmsoft.github.io/%E8%AE%A1%E5%88%92%20%E8%A7%84%E5%88%92/2011/01/01/%E5%8A%AA%E5%8A%9B%E5%86%B3%E5%AE%9A%E4%B8%8B%E9%99%90-%E5%A4%A9%E8%B5%8B%E6%88%90%E5%B0%B1%E4%B8%8A%E9%99%90.html
http://lmm333.com/%E9%BB%98%E8%AE%A4%E5%88%86%E7%B1%BB/2009/06/11/%E9%A2%84%E5%91%8A.html,https://lmmsoft.github.io/%E9%BB%98%E8%AE%A4%E5%88%86%E7%B1%BB/2009/06/11/%E9%A2%84%E5%91%8A.html
http://lmm333.com/%E9%BB%98%E8%AE%A4%E5%88%86%E7%B1%BB/2009/08/15/%E4%B8%8D%E5%A5%BD%E6%84%8F%E6%80%9D-%E5%A5%BD%E4%B9%85%E6%B2%A1%E6%9C%89%E6%9B%B4%E6%96%B0%E4%BA%86.html,https://lmmsoft.github.io/%E9%BB%98%E8%AE%A4%E5%88%86%E7%B1%BB/2009/08/15/%E4%B8%8D%E5%A5%BD%E6%84%8F%E6%80%9D-%E5%A5%BD%E4%B9%85%E6%B2%A1%E6%9C%89%E6%9B%B4%E6%96%B0%E4%BA%86.html
http://lmm333.com/%E9%BB%98%E8%AE%A4%E5%88%86%E7%B1%BB/2011/04/26/%E6%97%A0%E6%84%8F%E4%B8%AD%E5%8F%91%E7%8E%B0%E7%9A%84UVA-%E6%95%B0%E6%8D%AE%E7%94%9F%E6%88%90%E7%B3%BB%E7%BB%9F.html,https://lmmsoft.github.io/%E9%BB%98%E8%AE%A4%E5%88%86%E7%B1%BB/2011/04/26/%E6%97%A0%E6%84%8F%E4%B8%AD%E5%8F%91%E7%8E%B0%E7%9A%84UVA-%E6%95%B0%E6%8D%AE%E7%94%9F%E6%88%90%E7%B3%BB%E7%BB%9F.html
http://lmm333.com/%E9%BB%98%E8%AE%A4%E5%88%86%E7%B1%BB/2011/04/29/%E7%A8%8B%E5%BA%8F%E5%91%98%E5%BA%94%E8%AF%A5%E7%9F%A5%E9%81%93%E7%9A%8497%E4%BB%B6%E4%BA%8B-%E8%AF%BB%E4%B9%A6%E7%AC%94%E8%AE%B0.html,https://lmmsoft.github.io/%E9%BB%98%E8%AE%A4%E5%88%86%E7%B1%BB/2011/04/29/%E7%A8%8B%E5%BA%8F%E5%91%98%E5%BA%94%E8%AF%A5%E7%9F%A5%E9%81%93%E7%9A%8497%E4%BB%B6%E4%BA%8B-%E8%AF%BB%E4%B9%A6%E7%AC%94%E8%AE%B0.html
http://lmm333.com//2016list/,https://lmmsoft.github.io//2016list/
http://lmm333.com/2013q3q4/,https://lmmsoft.github.io/2013q3q4/
http://lmm333.com/2014list/,https://lmmsoft.github.io/2014list/
http://lmm333.com/2014Q1/,https://lmmsoft.github.io/2014Q1/
http://lmm333.com/2014Q4/,https://lmmsoft.github.io/2014Q4/
http://lmm333.com/2014review/,https://lmmsoft.github.io/2014review/
http://lmm333.com/2015-06/,https://lmmsoft.github.io/2015-06/
http://lmm333.com/2015-07/,https://lmmsoft.github.io/2015-07/
http://lmm333.com/2015-08/,https://lmmsoft.github.io/2015-08/
http://lmm333.com/2015-09/,https://lmmsoft.github.io/2015-09/
http://lmm333.com/2015-10/,https://lmmsoft.github.io/2015-10/
http://lmm333.com/2015-11/,https://lmmsoft.github.io/2015-11/
http://lmm333.com/2015-hangzhou-west-trail/,https://lmmsoft.github.io/2015-hangzhou-west-trail/
http://lmm333.com/2015-hangzhou-west-trail/?a,https://lmmsoft.github.io/2015-hangzhou-west-trail/?a
http://lmm333.com/2015-hangzhou-west-trail/?b,https://lmmsoft.github.io/2015-hangzhou-west-trail/?b
http://lmm333.com/2015-hangzhou-west-trail/?hahah,https://lmmsoft.github.io/2015-hangzhou-west-trail/?hahah
http://lmm333.com/2015list/,https://lmmsoft.github.io/2015list/
http://lmm333.com/2016list/,https://lmmsoft.github.io/2016list/
http://lmm333.com/acm/2010/10/31/%E8%BD%AC-%E6%80%8E%E6%A0%B7%E6%89%8D%E7%AE%97%E7%86%9F%E7%BB%83%E6%8E%8C%E6%8F%A1%E6%95%B0%E6%8D%AE%E7%BB%93%E6%9E%84-%E5%B8%B8%E7%94%A8%E7%AE%97%E6%B3%95.html,https://lmmsoft.github.io/acm/2010/10/31/%E8%BD%AC-%E6%80%8E%E6%A0%B7%E6%89%8D%E7%AE%97%E7%86%9F%E7%BB%83%E6%8E%8C%E6%8F%A1%E6%95%B0%E6%8D%AE%E7%BB%93%E6%9E%84-%E5%B8%B8%E7%94%A8%E7%AE%97%E6%B3%95.html
http://lmm333.com/acm/2010/12/15/%E6%BB%9A%E5%8A%A8%E6%95%B0%E7%BB%84.html,https://lmmsoft.github.io/acm/2010/12/15/%E6%BB%9A%E5%8A%A8%E6%95%B0%E7%BB%84.html
http://lmm333.com/acm/2011/02/27/%E8%BD%AC-ICPC%E5%A4%A7%E7%88%86%E7%82%B8-%E6%9B%BE%E7%BB%8FPOJ%E7%9A%84%E9%82%A3%E4%BA%9B%E7%89%9B%E8%B4%B4.html,https://lmmsoft.github.io/acm/2011/02/27/%E8%BD%AC-ICPC%E5%A4%A7%E7%88%86%E7%82%B8-%E6%9B%BE%E7%BB%8FPOJ%E7%9A%84%E9%82%A3%E4%BA%9B%E7%89%9B%E8%B4%B4.html
http://lmm333.com/archives/,https://lmmsoft.github.io/archives/
http://lmm333.com/archives-2/,https://lmmsoft.github.io/archives-2/
http://lmm333.com/cycling-chenghu-lake/,https://lmmsoft.github.io/cycling-chenghu-lake/
http://lmm333.com/cycling-yangcheng-lake/,https://lmmsoft.github.io/cycling-yangcheng-lake/
http://lmm333.com/guestbook/,https://lmmsoft.github.io/guestbook/
http://lmm333.com/hello-world/,https://lmmsoft.github.io/hello-world/
http://lmm333.com/huqiu-dingyuan/,https://lmmsoft.github.io/huqiu-dingyuan/
http://lmm333.com/java/2010/11/19/Java%E5%BC%80%E5%8F%91%E5%B7%A5%E5%85%B7%E5%A4%A7%E6%AF%94%E6%8B%BC.html,https://lmmsoft.github.io/java/2010/11/19/Java%E5%BC%80%E5%8F%91%E5%B7%A5%E5%85%B7%E5%A4%A7%E6%AF%94%E6%8B%BC.html
http://lmm333.com/my-mediawiki-on-azure/,https://lmmsoft.github.io/my-mediawiki-on-azure/
http://lmm333.com/My-wordpress-blog-on-azure/,https://lmmsoft.github.io/My-wordpress-blog-on-azure/
http://lmm333.com/nanping/,https://lmmsoft.github.io/nanping/
http://lmm333.com/one-one-with-boss/,https://lmmsoft.github.io/one-one-with-boss/
http://lmm333.com/review-2013-q1-q2/,https://lmmsoft.github.io/review-2013-q1-q2/
http://lmm333.com/review-2013-q3-q4/,https://lmmsoft.github.io/review-2013-q3-q4/
http://lmm333.com/taihu_lake_and_mudu_historic_town/,https://lmmsoft.github.io/taihu_lake_and_mudu_historic_town/
http://lmm333.com/taizhou/,https://lmmsoft.github.io/taizhou/
http://lmm333.com/zhouzhuang/,https://lmmsoft.github.io/zhouzhuang/
http://lmmsoft.github.io/%E3%80%90%E6%88%91%E7%9A%84%E8%87%AA%E7%94%B1%E8%BD%AF%E4%BB%B6%E3%80%91/2013/02/27/njust-curriculum-schedule-print-tool-published.html,https://lmmsoft.github.io/%E3%80%90%E6%88%91%E7%9A%84%E8%87%AA%E7%94%B1%E8%BD%AF%E4%BB%B6%E3%80%91/2013/02/27/njust-curriculum-schedule-print-tool-published.html
http://lmmsoft.github.io/%E3%80%90%E6%8C%A8%E8%B8%A2%E7%94%9F%E6%B6%AF%E3%80%91/2012/01/25/cf97div2-d%E8%AE%A1%E7%AE%97%E5%87%A0%E4%BD%95-%E6%9A%B4%E5%8A%9B.html,https://lmmsoft.github.io/%E3%80%90%E6%8C%A8%E8%B8%A2%E7%94%9F%E6%B6%AF%E3%80%91/2012/01/25/cf97div2-d%E8%AE%A1%E7%AE%97%E5%87%A0%E4%BD%95-%E6%9A%B4%E5%8A%9B.html
http://lmmsoft.github.io/%E3%80%90%E6%8C%A8%E8%B8%A2%E7%94%9F%E6%B6%AF%E3%80%91/2012/01/26/cf104-div2-a-%E5%87%A0%E4%B8%AA%E6%BC%82%E4%BA%AE%E7%9A%84%E4%BB%A3%E7%A0%81.html,https://lmmsoft.github.io/%E3%80%90%E6%8C%A8%E8%B8%A2%E7%94%9F%E6%B6%AF%E3%80%91/2012/01/26/cf104-div2-a-%E5%87%A0%E4%B8%AA%E6%BC%82%E4%BA%AE%E7%9A%84%E4%BB%A3%E7%A0%81.html
http://lmmsoft.github.io/%E3%80%90%E6%8C%A8%E8%B8%A2%E7%94%9F%E6%B6%AF%E3%80%91/2012/02/03/cf105-div%E8%A7%A3%E9%A2%98%E6%8A%A5%E5%91%8A.html,https://lmmsoft.github.io/%E3%80%90%E6%8C%A8%E8%B8%A2%E7%94%9F%E6%B6%AF%E3%80%91/2012/02/03/cf105-div%E8%A7%A3%E9%A2%98%E6%8A%A5%E5%91%8A.html
http://lmmsoft.github.io/%E4%BF%AE%E7%94%B5%E8%84%91/2012/03/20/%E6%9E%81%E5%AE%A2%E4%BB%AC%E8%BF%99%E4%B9%88%E7%94%A8%E7%94%B5%E8%84%91.html,https://lmmsoft.github.io/%E4%BF%AE%E7%94%B5%E8%84%91/2012/03/20/%E6%9E%81%E5%AE%A2%E4%BB%AC%E8%BF%99%E4%B9%88%E7%94%A8%E7%94%B5%E8%84%91.html
http://lmmsoft.github.io/%E6%88%91%E7%9A%84%E6%80%9D%E8%80%83/2010/01/31/%E4%B8%8B%E4%B8%80%E9%98%B6%E6%AE%B5SNS%E4%BD%BF%E7%94%A8%E8%AE%A1%E5%88%92.html,https://lmmsoft.github.io/%E6%88%91%E7%9A%84%E6%80%9D%E8%80%83/2010/01/31/%E4%B8%8B%E4%B8%80%E9%98%B6%E6%AE%B5SNS%E4%BD%BF%E7%94%A8%E8%AE%A1%E5%88%92.html
http://lmmsoft.github.io/%E6%88%91%E7%9A%84%E6%80%9D%E8%80%83/2010/02/13/%E5%8D%97%E4%BA%AC%E9%9B%AA%E4%B8%8B%E7%9A%84%E5%BE%88%E5%A4%A7-%E7%91%9E%E9%9B%AA%E5%85%86%E4%B8%B0%E5%B9%B4-%E6%9C%9F%E5%BE%85%E6%94%B6%E8%8E%B7.html,https://lmmsoft.github.io/%E6%88%91%E7%9A%84%E6%80%9D%E8%80%83/2010/02/13/%E5%8D%97%E4%BA%AC%E9%9B%AA%E4%B8%8B%E7%9A%84%E5%BE%88%E5%A4%A7-%E7%91%9E%E9%9B%AA%E5%85%86%E4%B8%B0%E5%B9%B4-%E6%9C%9F%E5%BE%85%E6%94%B6%E8%8E%B7.html
http://lmmsoft.github.io/%E6%88%91%E7%9A%84%E7%94%9F%E6%B4%BB/2008/06/05/%E6%98%8E%E5%A4%A9%E9%AB%98%E8%80%83-%E7%BB%99%E8%87%AA%E5%B7%B1%E5%8A%A0%E6%B2%B9.html,https://lmmsoft.github.io/%E6%88%91%E7%9A%84%E7%94%9F%E6%B4%BB/2008/06/05/%E6%98%8E%E5%A4%A9%E9%AB%98%E8%80%83-%E7%BB%99%E8%87%AA%E5%B7%B1%E5%8A%A0%E6%B2%B9.html
http://lmmsoft.github.io/%E8%AE%A1%E5%88%92%20%E8%A7%84%E5%88%92/2011/01/01/%E5%8A%AA%E5%8A%9B%E5%86%B3%E5%AE%9A%E4%B8%8B%E9%99%90-%E5%A4%A9%E8%B5%8B%E6%88%90%E5%B0%B1%E4%B8%8A%E9%99%90.html,https://lmmsoft.github.io/%E8%AE%A1%E5%88%92%20%E8%A7%84%E5%88%92/2011/01/01/%E5%8A%AA%E5%8A%9B%E5%86%B3%E5%AE%9A%E4%B8%8B%E9%99%90-%E5%A4%A9%E8%B5%8B%E6%88%90%E5%B0%B1%E4%B8%8A%E9%99%90.html
http://lmmsoft.github.io/%E8%B7%9F%E7%9D%80%E6%88%91%E5%8B%87%E6%95%A2%E5%9C%B0%E8%B5%B0%E4%B8%8B%E5%8E%BB%20%E6%80%9D%E8%80%83/2010/12/10/%E5%85%B3%E4%BA%8E-%E8%B7%9F%E7%9D%80%E6%88%91%E5%8B%87%E6%95%A2%E5%9C%B0%E8%B5%B0%E4%B8%8B%E5%8E%BB-%E7%9A%84%E4%B8%80%E4%BA%9B%E6%80%9D%E8%80%83.html,https://lmmsoft.github.io/%E8%B7%9F%E7%9D%80%E6%88%91%E5%8B%87%E6%95%A2%E5%9C%B0%E8%B5%B0%E4%B8%8B%E5%8E%BB%20%E6%80%9D%E8%80%83/2010/12/10/%E5%85%B3%E4%BA%8E-%E8%B7%9F%E7%9D%80%E6%88%91%E5%8B%87%E6%95%A2%E5%9C%B0%E8%B5%B0%E4%B8%8B%E5%8E%BB-%E7%9A%84%E4%B8%80%E4%BA%9B%E6%80%9D%E8%80%83.html
http://lmmsoft.github.io/%E8%B7%9F%E7%9D%80%E6%88%91%E5%8B%87%E6%95%A2%E5%9C%B0%E8%B5%B0%E4%B8%8B%E5%8E%BB/2010/12/09/%E8%B7%9F%E7%9D%80%E6%88%91%E5%8B%87%E6%95%A2%E5%9C%B0%E8%B5%B0%E4%B8%8B%E5%8E%BB-1.html,https://lmmsoft.github.io/%E8%B7%9F%E7%9D%80%E6%88%91%E5%8B%87%E6%95%A2%E5%9C%B0%E8%B5%B0%E4%B8%8B%E5%8E%BB/2010/12/09/%E8%B7%9F%E7%9D%80%E6%88%91%E5%8B%87%E6%95%A2%E5%9C%B0%E8%B5%B0%E4%B8%8B%E5%8E%BB-1.html
http://lmmsoft.github.io/%E9%BB%98%E8%AE%A4%E5%88%86%E7%B1%BB/2010/11/26/%E8%BD%AC-%E7%96%AF%E7%8B%82%E6%8F%90%E4%BA%A4%E6%89%BE%E9%94%99%E6%B3%95.html,https://lmmsoft.github.io/%E9%BB%98%E8%AE%A4%E5%88%86%E7%B1%BB/2010/11/26/%E8%BD%AC-%E7%96%AF%E7%8B%82%E6%8F%90%E4%BA%A4%E6%89%BE%E9%94%99%E6%B3%95.html
http://lmmsoft.github.io/2013q3q4/,https://lmmsoft.github.io/2013q3q4/
http://lmmsoft.github.io/2014list/,https://lmmsoft.github.io/2014list/
http://lmmsoft.github.io/2014Q4/,https://lmmsoft.github.io/2014Q4/
http://lmmsoft.github.io/2015-hangzhou-west-trail/,https://lmmsoft.github.io/2015-hangzhou-west-trail/
http://lmmsoft.github.io/about/,https://lmmsoft.github.io/about/
http://lmmsoft.github.io/cycling-chenghu-lake/,https://lmmsoft.github.io/cycling-chenghu-lake/
http://lmmsoft.github.io/guestbook/,https://lmmsoft.github.io/guestbook/
http://lmmsoft.github.io/huqiu-dingyuan/,https://lmmsoft.github.io/huqiu-dingyuan/
http://lmmsoft.github.io/taihu_lake_and_mudu_historic_town/,https://lmmsoft.github.io/taihu_lake_and_mudu_historic_town/
http://lmmsoft.github.io/viewed-ted/,https://lmmsoft.github.io/viewed-ted/
https://blog.lmm333.com/archives/,httpss://lmmsoft.github.io/archives/
https://lmm333.com/%E3%80%90%E6%80%9D%E8%80%83%E3%80%91/2012/11/09/%E6%9C%89%E6%84%8F%E6%80%9D%E7%9A%84%E5%B7%A5%E4%BD%9C.html,httpss://lmmsoft.github.io/%E3%80%90%E6%80%9D%E8%80%83%E3%80%91/2012/11/09/%E6%9C%89%E6%84%8F%E6%80%9D%E7%9A%84%E5%B7%A5%E4%BD%9C.html
https://lmm333.com/%E3%80%90%E6%80%9D%E8%80%83%E3%80%91/2012/12/03/%E4%B9%B1%E5%86%99%E7%82%B9%E4%B8%9C%E8%A5%BF-%E5%85%B3%E4%BA%8Epm.html,httpss://lmmsoft.github.io/%E3%80%90%E6%80%9D%E8%80%83%E3%80%91/2012/12/03/%E4%B9%B1%E5%86%99%E7%82%B9%E4%B8%9C%E8%A5%BF-%E5%85%B3%E4%BA%8Epm.html
https://lmm333.com/%E3%80%90%E6%88%91%E7%9A%84%E7%94%9F%E6%B4%BB%E3%80%91/2012/01/20/25.html,httpss://lmmsoft.github.io/%E3%80%90%E6%88%91%E7%9A%84%E7%94%9F%E6%B4%BB%E3%80%91/2012/01/20/25.html
https://lmm333.com/%E3%80%90%E6%88%91%E7%9A%84%E7%94%9F%E6%B4%BB%E3%80%91/2012/05/09/%E8%B6%81%E5%A4%9C%E6%B7%B1%E4%B9%B1%E6%B0%B4%E7%82%B9%E5%BA%9F%E8%AF%9D.html,httpss://lmmsoft.github.io/%E3%80%90%E6%88%91%E7%9A%84%E7%94%9F%E6%B4%BB%E3%80%91/2012/05/09/%E8%B6%81%E5%A4%9C%E6%B7%B1%E4%B9%B1%E6%B0%B4%E7%82%B9%E5%BA%9F%E8%AF%9D.html
https://lmm333.com/%E3%80%90%E6%88%91%E7%9A%84%E7%94%9F%E6%B4%BB%E3%80%91/2012/05/24/%E5%BC%80%E5%A7%8B%E9%97%AD%E5%85%B3%E7%94%9F%E6%B4%BB.html,httpss://lmmsoft.github.io/%E3%80%90%E6%88%91%E7%9A%84%E7%94%9F%E6%B4%BB%E3%80%91/2012/05/24/%E5%BC%80%E5%A7%8B%E9%97%AD%E5%85%B3%E7%94%9F%E6%B4%BB.html
https://lmm333.com/%E3%80%90%E6%88%91%E7%9A%84%E7%94%9F%E6%B4%BB%E3%80%91/2012/06/02/2012%E5%84%BF%E7%AB%A5%E8%8A%82.html,httpss://lmmsoft.github.io/%E3%80%90%E6%88%91%E7%9A%84%E7%94%9F%E6%B4%BB%E3%80%91/2012/06/02/2012%E5%84%BF%E7%AB%A5%E8%8A%82.html
https://lmm333.com/%E3%80%90%E6%8C%A8%E8%B8%A2%E7%94%9F%E6%B6%AF%E3%80%91/2012/02/06/%E4%B8%80%E4%B8%AA%E7%BD%91%E9%A1%B5%E9%97%AF%E5%85%B3%E6%B8%B8%E6%88%8F.html,httpss://lmmsoft.github.io/%E3%80%90%E6%8C%A8%E8%B8%A2%E7%94%9F%E6%B6%AF%E3%80%91/2012/02/06/%E4%B8%80%E4%B8%AA%E7%BD%91%E9%A1%B5%E9%97%AF%E5%85%B3%E6%B8%B8%E6%88%8F.html
https://lmm333.com/%E3%80%90%E6%8C%A8%E8%B8%A2%E7%94%9F%E6%B6%AF%E3%80%91/2012/04/01/%E4%B8%AD%E4%BA%86%E4%B8%80%E4%B8%AA%E6%84%9A%E4%BA%BA%E5%BD%A9%E8%9B%8B.html,httpss://lmmsoft.github.io/%E3%80%90%E6%8C%A8%E8%B8%A2%E7%94%9F%E6%B6%AF%E3%80%91/2012/04/01/%E4%B8%AD%E4%BA%86%E4%B8%80%E4%B8%AA%E6%84%9A%E4%BA%BA%E5%BD%A9%E8%9B%8B.html
https://lmm333.com/%E4%BF%AE%E7%94%B5%E8%84%91/2012/12/09/macos%E5%AF%86%E7%A0%81%E9%87%8D%E8%AE%BE.html,httpss://lmmsoft.github.io/%E4%BF%AE%E7%94%B5%E8%84%91/2012/12/09/macos%E5%AF%86%E7%A0%81%E9%87%8D%E8%AE%BE.html
https://lmm333.com/%E6%88%91%E7%9A%84%E5%BD%B1%E8%AF%84/2009/07/03/%E5%8F%8C%E7%9E%B3-%E8%A7%82%E5%90%8E%E6%84%9F.html,httpss://lmmsoft.github.io/%E6%88%91%E7%9A%84%E5%BD%B1%E8%AF%84/2009/07/03/%E5%8F%8C%E7%9E%B3-%E8%A7%82%E5%90%8E%E6%84%9F.html
https://lmm333.com/%E6%88%91%E7%9A%84%E6%80%9D%E8%80%83/2008/03/19/%E5%8F%AA%E6%98%AF%E5%BD%93%E6%97%B6%E5%B7%B2%E6%83%98%E7%84%B6.html,httpss://lmmsoft.github.io/%E6%88%91%E7%9A%84%E6%80%9D%E8%80%83/2008/03/19/%E5%8F%AA%E6%98%AF%E5%BD%93%E6%97%B6%E5%B7%B2%E6%83%98%E7%84%B6.html
https://lmm333.com/%E6%88%91%E7%9A%84%E6%80%9D%E8%80%83/2008/08/27/%E6%96%B0%E6%97%B6%E4%BB%A3-%E6%96%B0%E6%80%9D%E7%BB%B4.html,httpss://lmmsoft.github.io/%E6%88%91%E7%9A%84%E6%80%9D%E8%80%83/2008/08/27/%E6%96%B0%E6%97%B6%E4%BB%A3-%E6%96%B0%E6%80%9D%E7%BB%B4.html
https://lmm333.com/%E6%88%91%E7%9A%84%E6%80%9D%E8%80%83/2008/08/30/%E4%B8%80%E9%98%B5%E6%9A%B4%E9%9B%A8.html,httpss://lmmsoft.github.io/%E6%88%91%E7%9A%84%E6%80%9D%E8%80%83/2008/08/30/%E4%B8%80%E9%98%B5%E6%9A%B4%E9%9B%A8.html
https://lmm333.com/%E6%88%91%E7%9A%84%E6%80%9D%E8%80%83/2011/02/04/%E6%88%91%E5%88%B0%E5%BA%95%E5%96%9C%E6%AC%A2%E4%BB%80%E4%B9%88.html,httpss://lmmsoft.github.io/%E6%88%91%E7%9A%84%E6%80%9D%E8%80%83/2011/02/04/%E6%88%91%E5%88%B0%E5%BA%95%E5%96%9C%E6%AC%A2%E4%BB%80%E4%B9%88.html
https://lmm333.com/%E6%88%91%E7%9A%84%E6%B8%B8%E8%AE%B0/2008/08/05/%E6%B1%9F%E6%B5%A6%E5%87%A4%E5%87%B0%E5%8F%B0.html,httpss://lmmsoft.github.io/%E6%88%91%E7%9A%84%E6%B8%B8%E8%AE%B0/2008/08/05/%E6%B1%9F%E6%B5%A6%E5%87%A4%E5%87%B0%E5%8F%B0.html
https://lmm333.com/%E6%88%91%E7%9A%84%E6%B8%B8%E8%AE%B0/2008/08/13/%E7%AC%AC%E4%B8%89%E5%A4%A9.html,httpss://lmmsoft.github.io/%E6%88%91%E7%9A%84%E6%B8%B8%E8%AE%B0/2008/08/13/%E7%AC%AC%E4%B8%89%E5%A4%A9.html
https://lmm333.com/%E6%88%91%E7%9A%84%E6%B8%B8%E8%AE%B0/2008/08/14/%E8%8D%89%E7%A8%BF-%E7%AC%AC%E4%B8%89%E5%A4%A9%E6%99%9A.html,httpss://lmmsoft.github.io/%E6%88%91%E7%9A%84%E6%B8%B8%E8%AE%B0/2008/08/14/%E8%8D%89%E7%A8%BF-%E7%AC%AC%E4%B8%89%E5%A4%A9%E6%99%9A.html
https://lmm333.com/%E6%88%91%E7%9A%84%E6%B8%B8%E8%AE%B0/2008/08/15/%E8%8D%89%E7%A8%BF-%E7%AC%AC%E5%9B%9B%E5%A4%A9.html,httpss://lmmsoft.github.io/%E6%88%91%E7%9A%84%E6%B8%B8%E8%AE%B0/2008/08/15/%E8%8D%89%E7%A8%BF-%E7%AC%AC%E5%9B%9B%E5%A4%A9.html
https://lmm333.com/%E6%88%91%E7%9A%84%E6%B8%B8%E8%AE%B0/2008/08/22/%E7%85%A7%E7%89%87%E5%B7%B2%E5%8F%91%E8%87%B3%E7%9B%B8%E5%86%8C.html,httpss://lmmsoft.github.io/%E6%88%91%E7%9A%84%E6%B8%B8%E8%AE%B0/2008/08/22/%E7%85%A7%E7%89%87%E5%B7%B2%E5%8F%91%E8%87%B3%E7%9B%B8%E5%86%8C.html
https://lmm333.com/%E6%88%91%E7%9A%84%E7%94%9F%E6%B4%BB/2007/03/16/%E6%88%91%E6%88%90%E5%B9%B4%E5%96%BD.html,httpss://lmmsoft.github.io/%E6%88%91%E7%9A%84%E7%94%9F%E6%B4%BB/2007/03/16/%E6%88%91%E6%88%90%E5%B9%B4%E5%96%BD.html
https://lmm333.com/%E6%88%91%E7%9A%84%E7%94%9F%E6%B4%BB/2008/02/10/%E6%88%91%E7%9A%84-%E5%86%AC%E6%AD%87%E6%9C%9F.html,httpss://lmmsoft.github.io/%E6%88%91%E7%9A%84%E7%94%9F%E6%B4%BB/2008/02/10/%E6%88%91%E7%9A%84-%E5%86%AC%E6%AD%87%E6%9C%9F.html
https://lmm333.com/%E6%88%91%E7%9A%84%E7%94%9F%E6%B4%BB/2008/06/23/%E6%8D%A2%E4%BA%86%E6%96%B0%E5%8F%91%E5%9E%8B.html,httpss://lmmsoft.github.io/%E6%88%91%E7%9A%84%E7%94%9F%E6%B4%BB/2008/06/23/%E6%8D%A2%E4%BA%86%E6%96%B0%E5%8F%91%E5%9E%8B.html
https://lmm333.com/%E6%88%91%E7%9A%84%E7%94%9F%E6%B4%BB/2008/08/10/%E6%88%91%E7%9A%84%E5%A5%A5%E8%BF%90%E8%A7%82%E8%B5%9B%E8%AE%A1%E5%88%92.html,httpss://lmmsoft.github.io/%E6%88%91%E7%9A%84%E7%94%9F%E6%B4%BB/2008/08/10/%E6%88%91%E7%9A%84%E5%A5%A5%E8%BF%90%E8%A7%82%E8%B5%9B%E8%AE%A1%E5%88%92.html
https://lmm333.com/%E6%88%91%E7%9A%84%E7%94%9F%E6%B4%BB/2008/08/11/%E6%98%8E%E5%A4%A9%E5%B0%B1%E8%A6%81%E5%8E%BB%E5%8C%97%E4%BA%AC%E4%BA%86.html,httpss://lmmsoft.github.io/%E6%88%91%E7%9A%84%E7%94%9F%E6%B4%BB/2008/08/11/%E6%98%8E%E5%A4%A9%E5%B0%B1%E8%A6%81%E5%8E%BB%E5%8C%97%E4%BA%AC%E4%BA%86.html
https://lmm333.com/%E6%88%91%E7%9A%84%E7%94%9F%E6%B4%BB/2008/08/19/%E7%8E%B0%E5%9C%A8%E5%9C%A8KTV%E9%87%8C.html,httpss://lmmsoft.github.io/%E6%88%91%E7%9A%84%E7%94%9F%E6%B4%BB/2008/08/19/%E7%8E%B0%E5%9C%A8%E5%9C%A8KTV%E9%87%8C.html
https://lmm333.com/%E6%88%91%E7%9A%84%E7%94%9F%E6%B4%BB/2008/08/21/%E7%8E%B0%E5%9C%A8%E5%9C%A8%E5%8F%8B%E8%B0%8A%E9%A5%AD%E5%BA%97%E9%87%8C.html,httpss://lmmsoft.github.io/%E6%88%91%E7%9A%84%E7%94%9F%E6%B4%BB/2008/08/21/%E7%8E%B0%E5%9C%A8%E5%9C%A8%E5%8F%8B%E8%B0%8A%E9%A5%AD%E5%BA%97%E9%87%8C.html
https://lmm333.com/%E6%88%91%E7%9A%84%E7%94%9F%E6%B4%BB/2010/07/06/%E5%A5%BD%E4%B9%85%E6%B2%A1%E6%9C%89%E5%8F%91%E6%97%A5%E5%BF%97%E5%95%A6.html,httpss://lmmsoft.github.io/%E6%88%91%E7%9A%84%E7%94%9F%E6%B4%BB/2010/07/06/%E5%A5%BD%E4%B9%85%E6%B2%A1%E6%9C%89%E5%8F%91%E6%97%A5%E5%BF%97%E5%95%A6.html
https://lmm333.com/%E6%88%91%E7%9A%84%E7%94%9F%E6%B4%BB/2010/07/19/%E8%BF%99%E4%B8%A4%E5%A4%A9%E7%8A%B6%E6%80%81%E4%B8%8D%E5%A5%BD.html,httpss://lmmsoft.github.io/%E6%88%91%E7%9A%84%E7%94%9F%E6%B4%BB/2010/07/19/%E8%BF%99%E4%B8%A4%E5%A4%A9%E7%8A%B6%E6%80%81%E4%B8%8D%E5%A5%BD.html
https://lmm333.com/%E6%88%91%E7%9A%84%E7%94%9F%E6%B4%BB/2010/07/23/%E7%AC%AC%E4%B8%80%E6%AC%A1%E7%BB%84%E9%98%9F%E8%B5%9B%E6%80%BB%E7%BB%93.html,httpss://lmmsoft.github.io/%E6%88%91%E7%9A%84%E7%94%9F%E6%B4%BB/2010/07/23/%E7%AC%AC%E4%B8%80%E6%AC%A1%E7%BB%84%E9%98%9F%E8%B5%9B%E6%80%BB%E7%BB%93.html
https://lmm333.com/%E6%88%91%E7%9A%84%E7%94%9F%E6%B4%BB/2010/07/24/zoj%E6%9C%88%E8%B5%9B%E6%80%BB%E7%BB%93.html,httpss://lmmsoft.github.io/%E6%88%91%E7%9A%84%E7%94%9F%E6%B4%BB/2010/07/24/zoj%E6%9C%88%E8%B5%9B%E6%80%BB%E7%BB%93.html
https://lmm333.com/%E6%88%91%E7%9A%84%E9%98%85%E8%AF%BB%E4%B8%8E%E7%94%9F%E6%B4%BB%E7%9F%A5%E8%AF%86%E5%88%86%E4%BA%AB/2012/04/09/zz%E7%A6%BB%E7%90%86%E6%80%A7%E5%A4%AA%E8%BF%91-%E7%A6%BB%E7%81%B5%E9%AD%82%E5%A4%AA%E8%BF%9C.html,httpss://lmmsoft.github.io/%E6%88%91%E7%9A%84%E9%98%85%E8%AF%BB%E4%B8%8E%E7%94%9F%E6%B4%BB%E7%9F%A5%E8%AF%86%E5%88%86%E4%BA%AB/2012/04/09/zz%E7%A6%BB%E7%90%86%E6%80%A7%E5%A4%AA%E8%BF%91-%E7%A6%BB%E7%81%B5%E9%AD%82%E5%A4%AA%E8%BF%9C.html
https://lmm333.com/%E6%95%B0%E6%8D%AE%E7%BB%93%E6%9E%84/2010/10/28/%E8%AF%A5%E6%AD%BB%E7%9A%84%E8%A1%A8%E8%BE%BE%E5%BC%8F%E6%B1%82%E5%80%BC.html,httpss://lmmsoft.github.io/%E6%95%B0%E6%8D%AE%E7%BB%93%E6%9E%84/2010/10/28/%E8%AF%A5%E6%AD%BB%E7%9A%84%E8%A1%A8%E8%BE%BE%E5%BC%8F%E6%B1%82%E5%80%BC.html
https://lmm333.com/%E6%99%92%E6%99%92%E4%BB%A3%E7%A0%81%E9%94%99%E8%AF%AF/2011/07/06/%E6%9C%80%E8%BF%91%E7%9A%84%E4%BA%8Cb%E9%94%99%E8%AF%AF%E6%B1%87%E6%80%BB.html,httpss://lmmsoft.github.io/%E6%99%92%E6%99%92%E4%BB%A3%E7%A0%81%E9%94%99%E8%AF%AF/2011/07/06/%E6%9C%80%E8%BF%91%E7%9A%84%E4%BA%8Cb%E9%94%99%E8%AF%AF%E6%B1%87%E6%80%BB.html
https://lmm333.com/%E6%9C%89%E8%B6%A3+%E5%A5%BD%E7%8E%A9(%E5%8D%9A%E4%B8%BB%E6%8E%A8%E8%8D%90)/2006/10/30/%E5%86%B7%E7%AC%91%E8%AF%9D.html,httpss://lmmsoft.github.io/%E6%9C%89%E8%B6%A3+%E5%A5%BD%E7%8E%A9(%E5%8D%9A%E4%B8%BB%E6%8E%A8%E8%8D%90)/2006/10/30/%E5%86%B7%E7%AC%91%E8%AF%9D.html
https://lmm333.com/%E7%BC%96%E7%A8%8B%E4%B9%8B%E7%BE%8E/2010/11/02/%E7%9C%9F%E7%9A%84%E7%AE%80%E6%B4%81%E5%90%97.html,httpss://lmmsoft.github.io/%E7%BC%96%E7%A8%8B%E4%B9%8B%E7%BE%8E/2010/11/02/%E7%9C%9F%E7%9A%84%E7%AE%80%E6%B4%81%E5%90%97.html
https://lmm333.com/%E8%A7%A3%E9%A2%98%E6%8A%A5%E5%91%8A/2011/02/12/poj3543.html,httpss://lmmsoft.github.io/%E8%A7%A3%E9%A2%98%E6%8A%A5%E5%91%8A/2011/02/12/poj3543.html
https://lmm333.com/%E8%AE%A1%E5%88%92%20%E8%A7%84%E5%88%92/2010/12/13/%E7%BB%83%E4%B9%A0%E8%AE%A1%E5%88%92.html,httpss://lmmsoft.github.io/%E8%AE%A1%E5%88%92%20%E8%A7%84%E5%88%92/2010/12/13/%E7%BB%83%E4%B9%A0%E8%AE%A1%E5%88%92.html
https://lmm333.com/%E8%AE%A1%E5%88%92%20%E8%A7%84%E5%88%92/2011/08/14/%E6%88%91%E7%9A%84-%E6%99%A8%E9%97%B4%E6%97%A5%E8%AE%B0-android%E5%BA%94%E7%94%A8%E8%AE%BE%E8%AE%A1.html,httpss://lmmsoft.github.io/%E8%AE%A1%E5%88%92%20%E8%A7%84%E5%88%92/2011/08/14/%E6%88%91%E7%9A%84-%E6%99%A8%E9%97%B4%E6%97%A5%E8%AE%B0-android%E5%BA%94%E7%94%A8%E8%AE%BE%E8%AE%A1.html
https://lmm333.com/%E9%BB%98%E8%AE%A4%E5%88%86%E7%B1%BB/2009/08/19/%E6%97%85%E8%A1%8C%E7%BB%88%E4%BA%8E%E7%BB%93%E6%9D%9F%E4%BA%86.html,httpss://lmmsoft.github.io/%E9%BB%98%E8%AE%A4%E5%88%86%E7%B1%BB/2009/08/19/%E6%97%85%E8%A1%8C%E7%BB%88%E4%BA%8E%E7%BB%93%E6%9D%9F%E4%BA%86.html
https://lmm333.com/%E9%BB%98%E8%AE%A4%E5%88%86%E7%B1%BB/2009/09/06/%E8%8D%89%E7%A8%BF-%E6%9C%80%E8%BF%91%E5%86%9B%E8%AE%AD.html,httpss://lmmsoft.github.io/%E9%BB%98%E8%AE%A4%E5%88%86%E7%B1%BB/2009/09/06/%E8%8D%89%E7%A8%BF-%E6%9C%80%E8%BF%91%E5%86%9B%E8%AE%AD.html
https://lmm333.com/%E9%BB%98%E8%AE%A4%E5%88%86%E7%B1%BB/2010/11/26/%E8%BD%AC-%E7%96%AF%E7%8B%82%E6%8F%90%E4%BA%A4%E6%89%BE%E9%94%99%E6%B3%95.html,httpss://lmmsoft.github.io/%E9%BB%98%E8%AE%A4%E5%88%86%E7%B1%BB/2010/11/26/%E8%BD%AC-%E7%96%AF%E7%8B%82%E6%8F%90%E4%BA%A4%E6%89%BE%E9%94%99%E6%B3%95.html
https://lmm333.com/%E9%BB%98%E8%AE%A4%E5%88%86%E7%B1%BB/2010/12/03/poj3984.html,httpss://lmmsoft.github.io/%E9%BB%98%E8%AE%A4%E5%88%86%E7%B1%BB/2010/12/03/poj3984.html
https://lmm333.com/%E9%BB%98%E8%AE%A4%E5%88%86%E7%B1%BB/2010/12/31/2011%E8%AE%A1%E5%88%92.html,httpss://lmmsoft.github.io/%E9%BB%98%E8%AE%A4%E5%88%86%E7%B1%BB/2010/12/31/2011%E8%AE%A1%E5%88%92.html
https://lmm333.com/%E9%BB%98%E8%AE%A4%E5%88%86%E7%B1%BB/2011/01/31/%E9%99%A4%E5%A4%95.html,httpss://lmmsoft.github.io/%E9%BB%98%E8%AE%A4%E5%88%86%E7%B1%BB/2011/01/31/%E9%99%A4%E5%A4%95.html
https://lmm333.com/%E9%BB%98%E8%AE%A4%E5%88%86%E7%B1%BB/2011/03/29/%E8%AF%BE%E7%A8%8B%E8%AE%BE%E8%AE%A1%E9%82%A3%E7%82%B9%E4%BA%8B.html,httpss://lmmsoft.github.io/%E9%BB%98%E8%AE%A4%E5%88%86%E7%B1%BB/2011/03/29/%E8%AF%BE%E7%A8%8B%E8%AE%BE%E8%AE%A1%E9%82%A3%E7%82%B9%E4%BA%8B.html
https://lmm333.com/%E9%BB%98%E8%AE%A4%E5%88%86%E7%B1%BB/2011/05/22/%E6%9C%9F%E5%BE%85%E6%9A%91%E5%81%87%E7%88%86%E5%8F%91.html,httpss://lmmsoft.github.io/%E9%BB%98%E8%AE%A4%E5%88%86%E7%B1%BB/2011/05/22/%E6%9C%9F%E5%BE%85%E6%9A%91%E5%81%87%E7%88%86%E5%8F%91.html
https://lmm333.com/%E9%BB%98%E8%AE%A4%E5%88%86%E7%B1%BB/2011/05/22/ACRush-Topcoder%E9%97%AE%E7%AD%94%E8%AF%AD%E5%BD%95.html,httpss://lmmsoft.github.io/%E9%BB%98%E8%AE%A4%E5%88%86%E7%B1%BB/2011/05/22/ACRush-Topcoder%E9%97%AE%E7%AD%94%E8%AF%AD%E5%BD%95.html
https://lmm333.com/%E9%BB%98%E8%AE%A4%E5%88%86%E7%B1%BB/2011/06/30/sql%E6%9F%A5%E8%AF%A2%E7%AC%94%E8%AE%B0.html,httpss://lmmsoft.github.io/%E9%BB%98%E8%AE%A4%E5%88%86%E7%B1%BB/2011/06/30/sql%E6%9F%A5%E8%AF%A2%E7%AC%94%E8%AE%B0.html
https://lmm333.com/%E9%BB%98%E8%AE%A4%E5%88%86%E7%B1%BB/2011/07/15/%E6%88%91%E7%9A%84%E6%88%90%E9%95%BF%E6%97%A5%E8%AE%B0.html,httpss://lmmsoft.github.io/%E9%BB%98%E8%AE%A4%E5%88%86%E7%B1%BB/2011/07/15/%E6%88%91%E7%9A%84%E6%88%90%E9%95%BF%E6%97%A5%E8%AE%B0.html
https://lmm333.com/%E9%BB%98%E8%AE%A4%E5%88%86%E7%B1%BB/2014/02/05/%E5%8D%9A%E5%AE%A2%E6%90%AC%E5%AE%B6lmm333.com.html,httpss://lmmsoft.github.io/%E9%BB%98%E8%AE%A4%E5%88%86%E7%B1%BB/2014/02/05/%E5%8D%9A%E5%AE%A2%E6%90%AC%E5%AE%B6lmmsoft.github.io.html
https://lmm333.com/about/,httpss://lmmsoft.github.io/about/
https://lmm333.com/acm%E4%B9%8B%E8%B7%AF/2011/07/14/%E6%88%91%E4%B9%9F%E4%B8%8D%E6%83%B3%E8%BF%99%E6%A0%B7.html,httpss://lmmsoft.github.io/acm%E4%B9%8B%E8%B7%AF/2011/07/14/%E6%88%91%E4%B9%9F%E4%B8%8D%E6%83%B3%E8%BF%99%E6%A0%B7.html
https://lmm333.com/acm%E4%B9%8B%E8%B7%AF/2011/07/16/%E8%8D%89%E8%9B%8B%E7%9A%84%E6%9D%AD%E7%94%B5OJ.html,httpss://lmmsoft.github.io/acm%E4%B9%8B%E8%B7%AF/2011/07/16/%E8%8D%89%E8%9B%8B%E7%9A%84%E6%9D%AD%E7%94%B5OJ.html
https://lmm333.com/acm%E4%B9%8B%E8%B7%AF/2011/07/29/poj%E4%B8%8D%E6%94%AF%E6%8C%81hash_map%E4%BA%86.html,httpss://lmmsoft.github.io/acm%E4%B9%8B%E8%B7%AF/2011/07/29/poj%E4%B8%8D%E6%94%AF%E6%8C%81hash_map%E4%BA%86.html
https://lmm333.com/acm/2010/12/05/rejudge%E5%BE%88%E6%9C%89%E8%B6%A3.html,httpss://lmmsoft.github.io/acm/2010/12/05/rejudge%E5%BE%88%E6%9C%89%E8%B6%A3.html
https://lmm333.com/acm/2011/06/27/%E8%BD%AC-JAVA%E5%A4%A7%E6%95%B0.html,httpss://lmmsoft.github.io/acm/2011/06/27/%E8%BD%AC-JAVA%E5%A4%A7%E6%95%B0.html
https://lmm333.com/my_favourite_tshirt/,httpss://lmmsoft.github.io/my_favourite_tshirt/
https://lmm333.com/srm/2010/08/04/%E7%AC%AC%E4%B8%80%E6%AC%A1srm%E6%80%BB%E7%BB%93-(srm478).html,httpss://lmmsoft.github.io/srm/2010/08/04/%E7%AC%AC%E4%B8%80%E6%AC%A1srm%E6%80%BB%E7%BB%93-(srm478).html
https://lmm333.com/viewed-ted/,httpss://lmmsoft.github.io/viewed-ted/
https://lmmsoft.github.io/%E6%9C%89%E8%B6%A3+%E5%A5%BD%E7%8E%A9(%E5%8D%9A%E4%B8%BB%E6%8E%A8%E8%8D%90)/2010/01/13/%E5%88%9A%E6%89%8D%E4%B8%8A%E7%99%BE%E5%BA%A6%E7%9F%A5%E9%81%93-%E7%9C%8B%E5%88%B0%E4%B8%80%E4%B8%AA%E5%BC%BA%E5%A4%A7%E7%9A%84%E9%97%AE%E9%A2%98.html,httpss://lmmsoft.github.io/%E6%9C%89%E8%B6%A3+%E5%A5%BD%E7%8E%A9(%E5%8D%9A%E4%B8%BB%E6%8E%A8%E8%8D%90)/2010/01/13/%E5%88%9A%E6%89%8D%E4%B8%8A%E7%99%BE%E5%BA%A6%E7%9F%A5%E9%81%93-%E7%9C%8B%E5%88%B0%E4%B8%80%E4%B8%AA%E5%BC%BA%E5%A4%A7%E7%9A%84%E9%97%AE%E9%A2%98.html
https://lmmsoft.github.io/2014review/,httpss://lmmsoft.github.io/2014review/
https://lmmsoft.github.io/2016list/,httpss://lmmsoft.github.io/2016list/
https://lmmsoft.github.io/nanping/,httpss://lmmsoft.github.io/nanping/